,t_id,	,rt_id,	,nbpartages,	,nbmentions,
,15882953,	,153716764,	,1,	,0,
,19976004,	,1180428570,	,1,	,0,
,319242817,	,1280032105,	,5,	,0,
,246310745,	,552803622,	,1,	,1,
,18936161,	,1524103896,	,1,	,0,
,15748322,	,2461811396,	,1,	,0,
,150016213,	,1893442627,	,1,	,0,
,2626796218,	,2559530718,	,1,	,0,
,12272292,	,1583291466,	,1,	,0,
,46375782,	,2425745084,	,1,	,0,
,18173885,	,1160959111,	,1,	,0,
,72937606,	,71218942,	,1,	,0,
,92564226,	,450776564,	,1,	,0,
,1510503505,	,1090303544,	,1,	,0,
,338985020,	,2732345627,	,1,	,0,
,8350912,	,2523152404,	,2,	,0,
,8350912,	,327455219,	,1,	,0,
,74167992,	,33604022,	,1,	,0,
,92564226,	,511650971,	,1,	,0,
,38395124,	,2559891896,	,1,	,0,
,18936161,	,261466381,	,2,	,0,
,467401899,	,1355184252,	,1,	,0,
,357412940,	,55663799,	,2,	,0,
,145556011,	,2591228407,	,3,	,0,
,333703762,	,115520660,	,1,	,0,
,1239205135,	,801165054,	,1,	,0,
,334546365,	,133851066,	,1,	,0,
,141190571,	,279391710,	,1,	,0,
,284471218,	,68347290,	,1,	,0,
,405336045,	,2331896586,	,1,	,0,
,707043188,	,2461823292,	,1,	,0,
,560803492,	,1369387818,	,1,	,0,
,16525194,	,391412399,	,1,	,0,
,534912378,	,475361997,	,1,	,0,
,133663801,	,361476446,	,1,	,0,
,147727707,	,253517139,	,1,	,0,
,1858109869,	,590689088,	,1,	,0,
,176780670,	,1181402846,	,1,	,0,
,123298601,	,2276715218,	,1,	,0,
,254116862,	,50664506,	,1,	,0,
,18936161,	,440760202,	,1,	,0,
,372723761,	,1048463288,	,1,	,0,
,537095564,	,842628392,	,1,	,0,
,59742006,	,1040145721,	,1,	,0,
,275948503,	,846381925,	,1,	,0,
,425188796,	,96793727,	,1,	,0,
,18762336,	,1063704498,	,1,	,0,
,563110956,	,2352145118,	,5,	,0,
,68440549,	,2166733603,	,2,	,0,
,304057894,	,2478197437,	,1,	,0,
,133663801,	,2383152777,	,4,	,0,
,122133343,	,620195070,	,1,	,0,
,37632296,	,769904400,	,1,	,0,
,23740219,	,2452623956,	,1,	,0,
,38395124,	,2303268079,	,3,	,0,
,305681798,	,2601434502,	,1,	,0,
,22060606,	,2348220619,	,1,	,0,
,732700920,	,287097633,	,1,	,0,
,190267364,	,1380344450,	,1,	,0,
,83864876,	,129537152,	,1,	,0,
,819000242,	,262083808,	,2,	,0,
,338985020,	,2372248749,	,8,	,0,
,47399805,	,78265876,	,1,	,0,
,233545335,	,2438274457,	,1,	,0,
,104105131,	,576006448,	,3,	,0,
,62239244,	,538495475,	,1,	,0,
,87212906,	,299869039,	,1,	,0,
,276934698,	,112140045,	,3,	,0,
,508585868,	,15720074,	,5,	,0,
,92564226,	,837884845,	,1,	,0,
,338985020,	,1496335056,	,1,	,0,
,8460572,	,108366100,	,1,	,0,
,837243516,	,560416197,	,1,	,0,
,24744541,	,484912993,	,14,	,0,
,333052627,	,2445094376,	,1,	,0,
,21313364,	,1040775985,	,1,	,0,
,204335114,	,591958034,	,1,	,0,
,2361313322,	,1269428274,	,1,	,0,
,520380662,	,1608572484,	,4,	,0,
,21396868,	,161993294,	,1,	,0,
,8350912,	,1205947243,	,2,	,0,
,8350912,	,221061244,	,31,	,0,
,576558404,	,410969455,	,1,	,0,
,2649991,	,1215467900,	,1,	,0,
,8350912,	,25484603,	,1,	,0,
,1410322820,	,108399855,	,1,	,0,
,2170288874,	,2601455485,	,1,	,0,
,541752208,	,212151607,	,2,	,0,
,6017542,	,322404583,	,1,	,0,
,24744541,	,2441584945,	,2,	,0,
,14942730,	,47101500,	,1,	,0,
,8350912,	,2280577922,	,7,	,0,
,218568080,	,395769570,	,1,	,0,
,190226677,	,623730432,	,1,	,0,
,620885111,	,111599027,	,1,	,0,
,8460572,	,568002578,	,3,	,0,
,2291038652,	,2250440851,	,1,	,0,
,17235475,	,50109872,	,1,	,0,
,875696023,	,104115511,	,1,	,0,
,163549137,	,700667462,	,1,	,0,
,8350912,	,2591349734,	,1,	,0,
,474791076,	,1044566642,	,2,	,0,
,15823722,	,1133836538,	,1,	,0,
,79579327,	,2546072604,	,7,	,0,
,34867057,	,469811069,	,1,	,0,
,46173749,	,545209738,	,1,	,0,
,386035181,	,956367750,	,4,	,0,
,370382174,	,1119841398,	,4,	,1,
,355392812,	,444039081,	,1,	,0,
,306673171,	,207513826,	,1,	,0,
,2362631311,	,384810090,	,1,	,0,
,95699146,	,35200436,	,2,	,0,
,275625008,	,20305387,	,3,	,0,
,49722817,	,82603884,	,1,	,0,
,204895667,	,459594310,	,1,	,0,
,19342897,	,300203029,	,2,	,0,
,1195024298,	,485884219,	,1,	,0,
,81447410,	,522652033,	,1,	,0,
,24744541,	,231227445,	,4,	,0,
,19976004,	,1913951155,	,1,	,0,
,51130368,	,444178079,	,1,	,0,
,33994488,	,391620881,	,1,	,0,
,10652382,	,363287105,	,1,	,0,
,826152762,	,2327200269,	,1,	,0,
,46138730,	,564589938,	,1,	,0,
,1698254100,	,1039977176,	,1,	,0,
,244137374,	,2601425376,	,1,	,0,
,8350912,	,223269625,	,2,	,0,
,1121170650,	,541573104,	,1,	,0,
,8350912,	,366809721,	,1,	,0,
,1088557634,	,875696023,	,2,	,0,
,14231313,	,153515027,	,2,	,0,
,471274479,	,893822240,	,1,	,0,
,162073604,	,163803115,	,1,	,0,
,74400293,	,337265964,	,1,	,0,
,133663801,	,1379019084,	,2,	,0,
,68440549,	,107555476,	,1,	,0,
,2156498427,	,152681227,	,2,	,0,
,338985020,	,1882930656,	,3,	,0,
,195853858,	,732788467,	,1,	,0,
,425188796,	,60340440,	,1,	,0,
,133663801,	,515928099,	,2,	,0,
,1692116370,	,206963378,	,1,	,0,
,81801717,	,425334189,	,1,	,0,
,24744541,	,1158333535,	,1,	,0,
,1343948684,	,546111066,	,1,	,0,
,24744541,	,1266436938,	,14,	,0,
,24744541,	,1407780158,	,1,	,0,
,376812938,	,1180224805,	,1,	,0,
,21313364,	,1255603832,	,2,	,0,
,826152762,	,2420424494,	,1,	,0,
,1904299675,	,17710592,	,1,	,0,
,444923081,	,438562087,	,2,	,0,
,34867057,	,1442835943,	,1,	,0,
,38395124,	,141506322,	,1,	,0,
,12272292,	,291576201,	,1,	,0,
,24744541,	,99512572,	,1,	,0,
,104184883,	,1071337556,	,1,	,0,
,206676362,	,2461785254,	,1,	,0,
,1102290619,	,2320354149,	,1,	,0,
,8350912,	,1406618677,	,1,	,0,
,133663801,	,1283256739,	,3,	,0,
,132513909,	,9722742,	,1,	,0,
,1568353904,	,915390589,	,1,	,0,
,14303437,	,562218868,	,1,	,0,
,8350912,	,622260280,	,1,	,0,
,3639301,	,394838446,	,1,	,0,
,757724065,	,523320293,	,1,	,0,
,25049177,	,2566048726,	,2,	,0,
,2345097104,	,352941955,	,1,	,0,
,604704562,	,116135875,	,3,	,0,
,127904468,	,813288422,	,1,	,0,
,563110956,	,532402133,	,1,	,0,
,369914677,	,436846029,	,1,	,0,
,54352098,	,268542819,	,1,	,0,
,96138456,	,718068708,	,1,	,0,
,153329640,	,1003396310,	,1,	,0,
,524333873,	,1540648200,	,1,	,0,
,19976004,	,218434822,	,6,	,0,
,133663801,	,607424941,	,3,	,0,
,197816493,	,165572090,	,1,	,0,
,100471877,	,792163483,	,1,	,0,
,127904468,	,2601477697,	,1,	,0,
,202249932,	,231529929,	,1,	,0,
,370279106,	,1185280417,	,1,	,0,
,8350912,	,414800024,	,1,	,0,
,18936161,	,1285668356,	,1,	,0,
,74167992,	,833222528,	,2,	,0,
,1538796156,	,98631543,	,1,	,0,
,1013402766,	,23418981,	,1,	,0,
,2323555374,	,2460955658,	,1,	,0,
,344635552,	,68173232,	,1,	,0,
,2649991,	,172527558,	,2,	,0,
,2304825019,	,22005505,	,1,	,0,
,6652032,	,416652543,	,1,	,0,
,493097369,	,125977519,	,1,	,0,
,186175688,	,1093072099,	,1,	,0,
,25048816,	,1294048106,	,2,	,0,
,867610632,	,1507561645,	,1,	,0,
,114704955,	,262733067,	,1,	,0,
,945473418,	,46127393,	,1,	,0,
,2649991,	,34555296,	,2,	,0,
,154586685,	,2615667427,	,1,	,0,
,57579992,	,391462187,	,1,	,0,
,8460572,	,2569865541,	,1,	,0,
,47399805,	,2729186902,	,1,	,0,
,15725777,	,393990733,	,1,	,0,
,314615134,	,1298912510,	,1,	,0,
,537510180,	,627457747,	,1,	,0,
,1520417005,	,1043201628,	,1,	,0,
,424188919,	,373354729,	,1,	,0,
,361900959,	,408532205,	,1,	,0,
,1114523520,	,271644820,	,2,	,0,
,134037846,	,2352606003,	,1,	,0,
,38395124,	,849115849,	,2,	,0,
,90434883,	,2712448354,	,1,	,0,
,24744541,	,1324059482,	,1,	,0,
,590284484,	,2586306738,	,2,	,0,
,92288520,	,1163688325,	,1,	,0,
,2560397118,	,2469315170,	,1,	,0,
,364513528,	,2469300506,	,1,	,0,
,39048311,	,15720541,	,1,	,0,
,1050105727,	,567385888,	,1,	,0,
,190668307,	,1389802206,	,1,	,0,
,133663801,	,1006997100,	,1,	,0,
,2517744906,	,1239876049,	,1,	,0,
,95746855,	,2610009600,	,1,	,0,
,52170808,	,1019529505,	,1,	,0,
,25049177,	,2777051173,	,1,	,0,
,168521753,	,121658831,	,3,	,0,
,8350912,	,53885136,	,1,	,0,
,50939966,	,2485748058,	,2,	,0,
,556103429,	,431012694,	,1,	,0,
,342015978,	,118785448,	,1,	,0,
,2649991,	,1191058046,	,1,	,0,
,256988281,	,542694471,	,1,	,0,
,213579409,	,894800684,	,1,	,0,
,338985020,	,38605277,	,1,	,0,
,1858109869,	,554320831,	,1,	,0,
,1084092644,	,801188828,	,1,	,0,
,24744541,	,2724757691,	,1,	,0,
,223966983,	,41154227,	,1,	,0,
,706748719,	,1281026822,	,1,	,0,
,24744541,	,509239757,	,4,	,0,
,255062650,	,267123630,	,1,	,0,
,25049056,	,90757651,	,1,	,0,
,90540453,	,406006743,	,1,	,0,
,133663801,	,280071673,	,1,	,0,
,38395124,	,2205839791,	,50,	,0,
,1218850496,	,401853758,	,1,	,1,
,2819952804,	,2817042625,	,1,	,0,
,24744541,	,43452377,	,2,	,0,
,2560924640,	,2814766794,	,1,	,0,
,8350912,	,1398227082,	,1,	,0,
,114704955,	,328560205,	,1,	,0,
,1858109869,	,2450344201,	,1,	,0,
,1443906360,	,2491636656,	,1,	,0,
,312320002,	,2244126290,	,1,	,0,
,8350912,	,575144935,	,1,	,0,
,534267036,	,18578222,	,1,	,0,
,75312032,	,2462896003,	,1,	,0,
,493170067,	,2274667874,	,3,	,0,
,1083404928,	,2823133645,	,1,	,0,
,1468270848,	,347428858,	,1,	,0,
,2613432702,	,582749346,	,1,	,0,
,29956249,	,427247176,	,1,	,0,
,84922844,	,1162926205,	,1,	,0,
,24744541,	,2663808152,	,6,	,0,
,25048816,	,109567991,	,2,	,0,
,1063274202,	,2564651875,	,1,	,0,
,436915779,	,2478466423,	,1,	,0,
,298587656,	,131852896,	,1,	,0,
,583190392,	,866363054,	,1,	,0,
,1691421426,	,611050075,	,1,	,0,
,17900385,	,95688658,	,1,	,0,
,481452890,	,305051600,	,1,	,0,
,38395124,	,2469157063,	,1,	,0,
,2559552956,	,2601489842,	,1,	,0,
,338985020,	,81167940,	,11,	,0,
,19012972,	,2331629905,	,2,	,0,
,79145543,	,62900248,	,1,	,0,
,338985020,	,2697568945,	,1,	,0,
,2437149888,	,488675672,	,1,	,0,
,609947411,	,2316855034,	,1,	,0,
,21313364,	,291933724,	,1,	,0,
,66842140,	,527715676,	,1,	,0,
,16501966,	,478523852,	,1,	,0,
,298975744,	,1407067878,	,1,	,0,
,369435455,	,2292680774,	,1,	,0,
,1564064646,	,2437162404,	,1,	,0,
,15838516,	,463639623,	,2,	,0,
,227430215,	,215367435,	,1,	,0,
,133663801,	,461198587,	,1,	,0,
,17044073,	,412991320,	,1,	,0,
,2328488472,	,2459730762,	,1,	,0,
,8350912,	,553883185,	,1,	,0,
,35190116,	,357625824,	,1,	,0,
,2439841758,	,2829478056,	,1,	,0,
,59816323,	,231147202,	,1,	,0,
,556139313,	,129304352,	,1,	,0,
,20696007,	,1270273670,	,1,	,0,
,21313364,	,2329253719,	,2,	,0,
,18936161,	,1658674922,	,2,	,0,
,1601369444,	,2787061121,	,1,	,0,
,376812938,	,54852289,	,1,	,0,
,38395124,	,440976272,	,7,	,0,
,1139268894,	,1244317536,	,1,	,0,
,19976004,	,418106889,	,1,	,0,
,87156428,	,1543872492,	,1,	,0,
,29965737,	,168440343,	,1,	,0,
,53871000,	,184737970,	,1,	,0,
,482263573,	,2530784166,	,2,	,0,
,2361313322,	,2339350136,	,1,	,0,
,92564226,	,474316779,	,1,	,0,
,59816323,	,615992171,	,1,	,0,
,2362631311,	,1949625690,	,1,	,0,
,437270520,	,127659284,	,1,	,0,
,8350912,	,59151657,	,1,	,0,
,532183530,	,34648962,	,1,	,0,
,24744541,	,488299091,	,1,	,0,
,336540928,	,1436751918,	,1,	,0,
,20224969,	,49637370,	,1,	,0,
,19240358,	,2766577577,	,2,	,0,
,93966147,	,2410734481,	,1,	,0,
,68440549,	,166498771,	,1,	,0,
,364513528,	,132877823,	,1,	,0,
,132192935,	,2407316754,	,1,	,0,
,2324354546,	,120532934,	,1,	,0,
,10906742,	,43657540,	,1,	,0,
,403576236,	,2601421998,	,1,	,0,
,21313364,	,66735997,	,1,	,0,
,133663801,	,630256683,	,1,	,0,
,475361997,	,16388742,	,1,	,0,
,20127219,	,520725517,	,1,	,0,
,409241026,	,2282998363,	,1,	,0,
,132543309,	,81205823,	,1,	,0,
,2649991,	,256179421,	,2,	,0,
,2323555374,	,2279504341,	,1,	,0,
,8350912,	,927095779,	,1,	,0,
,8460572,	,136378512,	,1,	,0,
,6652032,	,155890203,	,1,	,0,
,21313364,	,2178022416,	,2,	,0,
,21313364,	,2285161082,	,3,	,0,
,545514423,	,400402364,	,1,	,0,
,122409914,	,1561689090,	,1,	,0,
,614357632,	,2402228695,	,1,	,0,
,18936161,	,2356664873,	,1,	,0,
,2564180662,	,477971953,	,1,	,0,
,24744541,	,1014126192,	,8,	,0,
,1613009941,	,2601463723,	,1,	,0,
,590284484,	,2438468202,	,7,	,0,
,7189352,	,1063696081,	,1,	,0,
,910403276,	,903872023,	,1,	,0,
,38142665,	,213063682,	,1,	,0,
,2373171826,	,475651407,	,1,	,0,
,8460572,	,2427848420,	,1,	,0,
,93149508,	,2217476803,	,1,	,0,
,556043749,	,2468970051,	,3,	,0,
,8350912,	,2759741830,	,1,	,0,
,305681798,	,2823571386,	,1,	,0,
,942428197,	,943642310,	,1,	,0,
,1620754188,	,2406319981,	,1,	,0,
,88657577,	,303590335,	,5,	,0,
,8460572,	,2703709807,	,2,	,0,
,191845729,	,121742756,	,1,	,0,
,557529388,	,2547698905,	,1,	,0,
,278199679,	,738374418,	,2,	,0,
,68440549,	,2488474788,	,4,	,0,
,24744541,	,2673227666,	,1,	,0,
,8350912,	,2469468188,	,1,	,0,
,830762894,	,1276060129,	,1,	,0,
,364513528,	,293619201,	,2,	,0,
,291678033,	,252756702,	,1,	,0,
,1994321,	,59527288,	,20,	,0,
,25048816,	,316319516,	,111,	,0,
,38142665,	,2744694757,	,1,	,0,
,2228112871,	,262606743,	,1,	,0,
,15566589,	,607618240,	,1,	,0,
,557529388,	,2601496226,	,1,	,0,
,2823456542,	,2824136485,	,2,	,0,
,9651232,	,2445333557,	,1,	,0,
,408495613,	,754777338,	,1,	,0,
,1859679907,	,168282129,	,1,	,0,
,74400293,	,424918670,	,1,	,0,
,24744541,	,19256842,	,1,	,1,
,48132679,	,313526232,	,1,	,0,
,475945487,	,573868550,	,1,	,0,
,247933835,	,2615464507,	,1,	,0,
,557529388,	,1230524840,	,3,	,0,
,1378217570,	,194045521,	,1,	,0,
,15808212,	,2332239111,	,1,	,0,
,2649991,	,621136334,	,1,	,0,
,21313364,	,1077432001,	,2,	,0,
,88462044,	,1596006396,	,1,	,0,
,1883851662,	,611275488,	,1,	,0,
,74400293,	,349395388,	,1,	,0,
,275625008,	,572165718,	,1,	,0,
,457837960,	,2236457643,	,1,	,0,
,19820740,	,116329958,	,1,	,0,
,318341978,	,559877880,	,1,	,0,
,2289406292,	,1443173804,	,1,	,1,
,8460572,	,21694313,	,1,	,0,
,71748882,	,251476138,	,2,	,0,
,2190317246,	,477088995,	,2,	,0,
,2586848929,	,2412183275,	,1,	,0,
,38142665,	,520774183,	,4,	,0,
,87764401,	,982598773,	,2,	,0,
,235199409,	,59849433,	,1,	,0,
,18936161,	,1333110114,	,1,	,0,
,25048816,	,1489976264,	,1,	,0,
,24744541,	,1511654497,	,3,	,0,
,24744541,	,913400870,	,4,	,0,
,395119889,	,1549877912,	,3,	,0,
,114704955,	,1893541224,	,1,	,0,
,2649991,	,404973822,	,1,	,0,
,1955666635,	,2400192613,	,1,	,0,
,2601466418,	,73677880,	,1,	,0,
,402223330,	,2264130177,	,1,	,0,
,83864876,	,513725235,	,1,	,0,
,47399805,	,1119039326,	,1,	,0,
,455900057,	,114599395,	,1,	,0,
,244137374,	,113756658,	,1,	,0,
,321237577,	,2586459877,	,1,	,0,
,1598369090,	,1875997250,	,1,	,0,
,25048816,	,2169417835,	,1,	,0,
,20224969,	,153367507,	,2,	,0,
,338985020,	,1485977636,	,17,	,0,
,29685252,	,2170829073,	,1,	,0,
,1084092644,	,1109101213,	,2,	,0,
,1133913348,	,41667487,	,1,	,0,
,2601464780,	,2560821114,	,1,	,0,
,457444998,	,2470811394,	,1,	,0,
,619196807,	,133039454,	,1,	,0,
,43068402,	,117216504,	,1,	,0,
,83864876,	,111044130,	,1,	,0,
,556139313,	,1592270923,	,1,	,0,
,217841423,	,880928010,	,1,	,0,
,157010348,	,352480182,	,1,	,0,
,301480200,	,1320758875,	,7,	,0,
,8350912,	,585050582,	,1,	,0,
,8350912,	,231140504,	,1,	,0,
,398156583,	,389311771,	,1,	,0,
,24744541,	,2601481134,	,4,	,0,
,363718439,	,19341180,	,1,	,3,
,379756251,	,267123630,	,2,	,0,
,1911531277,	,385605274,	,1,	,0,
,1860781968,	,780563401,	,3,	,0,
,18936161,	,2559293064,	,10,	,0,
,307857861,	,2430177911,	,1,	,0,
,727939406,	,498767003,	,1,	,0,
,198890039,	,49362107,	,1,	,0,
,436228063,	,2282540509,	,1,	,0,
,68440549,	,774304069,	,1,	,0,
,855417048,	,2294547002,	,2,	,0,
,2649991,	,305101159,	,2,	,0,
,105508059,	,946821066,	,1,	,0,
,90891428,	,487024772,	,1,	,0,
,2305504259,	,735253531,	,1,	,0,
,813917126,	,714586631,	,1,	,0,
,285239924,	,242300864,	,1,	,0,
,953911933,	,186085145,	,1,	,0,
,866692884,	,1349099605,	,1,	,0,
,250694809,	,977803670,	,1,	,0,
,1994321,	,230831861,	,1,	,0,
,1058342240,	,825795655,	,1,	,0,
,43301934,	,2179821583,	,7,	,0,
,24744541,	,2722169836,	,4,	,0,
,163851588,	,360753449,	,1,	,1,
,2323555374,	,2692720404,	,1,	,0,
,133663801,	,537220119,	,1,	,0,
,39218878,	,1149260660,	,1,	,0,
,773100678,	,217070822,	,1,	,0,
,2823034825,	,2822370127,	,1,	,0,
,244137374,	,104600292,	,1,	,0,
,1472033731,	,2559635058,	,1,	,0,
,2351504335,	,1118906466,	,1,	,0,
,66018799,	,850166480,	,1,	,0,
,1634105922,	,322000229,	,2,	,0,
,8460572,	,134284739,	,1,	,0,
,8350912,	,217582361,	,1,	,0,
,59898791,	,2394428599,	,1,	,0,
,21396868,	,2649257084,	,1,	,0,
,756779306,	,2470532772,	,2,	,0,
,8460572,	,495122757,	,1,	,0,
,2359289864,	,1482419018,	,1,	,0,
,877392415,	,166009151,	,1,	,0,
,232353334,	,302481488,	,1,	,0,
,1640054216,	,757724065,	,3,	,0,
,165032231,	,2303965107,	,1,	,0,
,1919283072,	,582974550,	,1,	,0,
,35454634,	,83139061,	,1,	,0,
,23786137,	,2748225077,	,2,	,0,
,2330199894,	,989139624,	,1,	,0,
,879799591,	,2513936075,	,1,	,0,
,286106741,	,1497316190,	,1,	,0,
,420534212,	,1630408310,	,1,	,0,
,309719893,	,459667002,	,1,	,0,
,1919283072,	,149536435,	,1,	,0,
,15796976,	,195503,	,1,	,0,
,38395124,	,68800712,	,2,	,0,
,1522883209,	,2494247504,	,1,	,0,
,127659284,	,857008494,	,4,	,0,
,118677642,	,251069829,	,1,	,0,
,368404814,	,2341122554,	,1,	,0,
,704779033,	,299942623,	,1,	,0,
,135542348,	,1844439594,	,1,	,0,
,450516006,	,893170782,	,1,	,0,
,280288703,	,1570340431,	,5,	,0,
,1267768076,	,167154439,	,1,	,0,
,275625008,	,243726128,	,3,	,0,
,190267364,	,47058095,	,1,	,0,
,2685786702,	,292803275,	,1,	,0,
,36684721,	,573268791,	,1,	,0,
,2237538308,	,135890559,	,1,	,0,
,1239876049,	,338279064,	,1,	,0,
,21943273,	,2560316586,	,1,	,0,
,1568568853,	,802111646,	,2,	,0,
,560356047,	,459633751,	,1,	,0,
,35777570,	,53889272,	,1,	,0,
,571047058,	,2248700289,	,1,	,0,
,97470998,	,1492012436,	,1,	,0,
,1111796005,	,358917808,	,2,	,0,
,460239236,	,357670124,	,1,	,0,
,41093168,	,286197523,	,1,	,0,
,119693093,	,2494021200,	,2,	,0,
,2436889045,	,62608621,	,1,	,0,
,20224969,	,95312133,	,2,	,0,
,21313364,	,2485498904,	,57,	,0,
,360659082,	,292932233,	,1,	,1,
,24744541,	,777283663,	,3,	,0,
,87158172,	,376437579,	,1,	,0,
,2336832030,	,2469525624,	,1,	,0,
,2649991,	,2203206837,	,1,	,0,
,18008484,	,436310827,	,1,	,0,
,133663801,	,1746874826,	,1,	,0,
,99180120,	,355190122,	,1,	,0,
,23107505,	,1897841677,	,1,	,0,
,1102290619,	,1593643915,	,1,	,0,
,227430215,	,1318997568,	,1,	,0,
,412135727,	,2530136840,	,1,	,0,
,364513528,	,357432623,	,1,	,0,
,38142665,	,164431417,	,1,	,0,
,847061216,	,2350188882,	,1,	,0,
,564856252,	,30465778,	,1,	,0,
,181633654,	,572987231,	,1,	,0,
,376812938,	,185982920,	,2,	,0,
,997561398,	,2173480960,	,1,	,0,
,36932487,	,2750414809,	,1,	,0,
,364513528,	,2221338942,	,1,	,0,
,15796976,	,2148488095,	,1,	,0,
,244170872,	,2564337723,	,1,	,0,
,364513528,	,48707639,	,1,	,0,
,249408908,	,2822273354,	,1,	,0,
,1568353904,	,1334596194,	,1,	,0,
,557529388,	,2376153646,	,1,	,0,
,1994321,	,619934639,	,1,	,0,
,74167992,	,1090238707,	,5,	,0,
,1994321,	,2790196261,	,2,	,0,
,1563477943,	,1543211520,	,1,	,0,
,302500864,	,236060479,	,1,	,0,
,301613161,	,1357102304,	,1,	,0,
,194173066,	,48669972,	,1,	,0,
,33388399,	,603396401,	,1,	,0,
,376812938,	,2558660667,	,1,	,0,
,1416539461,	,1283442889,	,1,	,0,
,335488311,	,110931531,	,1,	,0,
,8460572,	,1692138680,	,1,	,0,
,1854353216,	,2523766527,	,1,	,0,
,218281638,	,2376438428,	,1,	,0,
,15838516,	,133754181,	,3,	,0,
,1563477943,	,2718672299,	,1,	,0,
,8350912,	,512495516,	,12,	,0,
,177217315,	,39538605,	,2,	,0,
,24744541,	,254498092,	,1,	,0,
,168619698,	,386041084,	,1,	,0,
,52744325,	,145702955,	,1,	,0,
,213583383,	,972474374,	,1,	,0,
,2328488472,	,2828528396,	,1,	,0,
,17865415,	,2546072604,	,1,	,0,
,2188542632,	,344840406,	,1,	,0,
,128598976,	,899898859,	,1,	,0,
,20224969,	,5508582,	,1,	,0,
,242815627,	,14575343,	,1,	,0,
,2649991,	,458988833,	,1,	,0,
,635279577,	,199075804,	,1,	,0,
,217121886,	,1097842340,	,1,	,0,
,68440549,	,67624484,	,1,	,0,
,19976004,	,221801192,	,1,	,0,
,222153850,	,21762698,	,1,	,0,
,128598976,	,548551022,	,1,	,0,
,204254073,	,127643327,	,1,	,0,
,24744541,	,1949488410,	,1,	,0,
,2649991,	,2674004784,	,1,	,0,
,151944204,	,507819319,	,1,	,0,
,2166386359,	,125927757,	,1,	,0,
,412213891,	,2327075144,	,1,	,0,
,310147105,	,1068434431,	,2,	,0,
,118192781,	,2559386197,	,1,	,0,
,1858109869,	,404973251,	,1,	,0,
,2601456482,	,2601473365,	,1,	,0,
,2326049100,	,229883580,	,1,	,0,
,42869741,	,172402527,	,1,	,0,
,13353862,	,1245441690,	,1,	,0,
,357412940,	,330661444,	,1,	,0,
,8350912,	,583634304,	,2,	,0,
,194191469,	,2569196850,	,2,	,0,
,525733281,	,702373530,	,1,	,0,
,275625008,	,35202564,	,1,	,0,
,2450375796,	,2493892838,	,1,	,0,
,225036513,	,98359806,	,1,	,0,
,35777570,	,107064697,	,1,	,0,
,2439841758,	,1576114334,	,1,	,0,
,2751112653,	,1681973106,	,1,	,0,
,24744541,	,2787013406,	,1,	,0,
,583829453,	,2197955503,	,4,	,0,
,194937286,	,118314508,	,1,	,0,
,84556082,	,2494030958,	,1,	,0,
,47924235,	,12901782,	,1,	,0,
,1021914422,	,501787598,	,1,	,0,
,1613009941,	,2601464352,	,1,	,0,
,847797764,	,835725830,	,1,	,0,
,337376974,	,950435516,	,1,	,0,
,18936161,	,442344823,	,1,	,0,
,448726646,	,432714833,	,1,	,0,
,23768324,	,461130775,	,1,	,0,
,455862458,	,2232760116,	,1,	,0,
,212371744,	,2601466418,	,1,	,0,
,18858998,	,712424428,	,1,	,0,
,426945289,	,2530136840,	,1,	,0,
,1436733306,	,2659809344,	,1,	,0,
,357412940,	,376442480,	,1,	,0,
,412213891,	,2653973162,	,1,	,0,
,412213891,	,355862730,	,1,	,0,
,2362631311,	,18168963,	,1,	,0,
,21313364,	,528847909,	,2,	,0,
,18936161,	,899636906,	,3,	,0,
,8350912,	,209039450,	,1,	,0,
,124413849,	,404316839,	,1,	,0,
,11673462,	,275747997,	,1,	,0,
,47924235,	,2491630632,	,1,	,0,
,473213226,	,2323898424,	,1,	,0,
,2649991,	,295109467,	,1,	,0,
,632729567,	,1415142588,	,1,	,0,
,365251227,	,925774292,	,1,	,0,
,991214378,	,793090224,	,1,	,0,
,1613510328,	,2610609764,	,1,	,0,
,8350912,	,861337568,	,6,	,0,
,584882931,	,111589590,	,1,	,0,
,68440549,	,275951735,	,1,	,0,
,72245880,	,1066156454,	,1,	,0,
,2354696552,	,560613801,	,1,	,0,
,344321458,	,262554664,	,1,	,0,
,220677812,	,429710343,	,1,	,0,
,17396243,	,218962313,	,1,	,0,
,2476679334,	,55646551,	,1,	,0,
,1128067351,	,309178937,	,2,	,0,
,21313364,	,707527792,	,13,	,0,
,207192972,	,563718067,	,1,	,0,
,555499085,	,2493968618,	,1,	,0,
,1702204111,	,95639457,	,3,	,0,
,2732602029,	,512554257,	,1,	,0,
,2649991,	,380993338,	,1,	,0,
,2649991,	,2815533206,	,1,	,0,
,1327735346,	,494037039,	,3,	,0,
,411052481,	,301384235,	,1,	,0,
,2151480642,	,2674548164,	,1,	,0,
,476783264,	,2318721163,	,1,	,0,
,360628316,	,251078369,	,2,	,0,
,34867057,	,2322547309,	,1,	,0,
,436922925,	,2458213770,	,1,	,0,
,26214858,	,366655181,	,1,	,0,
,1667669136,	,122020621,	,1,	,0,
,38142665,	,492344547,	,5,	,0,
,1283101652,	,2601531127,	,2,	,0,
,586483075,	,2342598302,	,1,	,0,
,97471352,	,404105819,	,2,	,0,
,409381881,	,379782812,	,1,	,0,
,2450377807,	,2597951659,	,1,	,1,
,485777791,	,859494019,	,1,	,0,
,253503717,	,2560429357,	,1,	,0,
,503061739,	,77006409,	,1,	,0,
,242260896,	,385564703,	,1,	,0,
,364513528,	,895196263,	,1,	,0,
,1099011049,	,338318246,	,1,	,0,
,222153850,	,293538071,	,1,	,0,
,152946447,	,2284513443,	,1,	,0,
,83116880,	,2238319673,	,1,	,0,
,2303261670,	,131768251,	,1,	,0,
,478448085,	,468824013,	,1,	,0,
,69098915,	,2248278425,	,1,	,0,
,389125136,	,301643950,	,1,	,0,
,14734067,	,2191005127,	,1,	,0,
,18936161,	,569279386,	,1,	,0,
,1870190160,	,110079362,	,1,	,0,
,226018473,	,1457392165,	,4,	,0,
,89784381,	,126416835,	,1,	,0,
,429710343,	,2285434735,	,1,	,0,
,88667917,	,961180782,	,1,	,0,
,2649991,	,229857149,	,1,	,0,
,556526644,	,1706154259,	,1,	,0,
,123942210,	,1185280417,	,1,	,0,
,89696512,	,121147908,	,1,	,0,
,560803492,	,481546083,	,1,	,0,
,215665483,	,2595016507,	,1,	,0,
,24744541,	,132154499,	,1,	,0,
,68440549,	,1420592707,	,2,	,0,
,2560368139,	,2538168546,	,1,	,0,
,556139313,	,872553745,	,1,	,0,
,104105131,	,75191142,	,3,	,0,
,373983212,	,95851773,	,1,	,0,
,381483328,	,428991123,	,1,	,0,
,2729840031,	,2479977919,	,1,	,0,
,2376099230,	,859649563,	,1,	,0,
,419515287,	,403618062,	,1,	,0,
,38142665,	,382027019,	,1,	,0,
,338985020,	,1006949928,	,19,	,0,
,8878442,	,26711810,	,1,	,0,
,338985020,	,398410063,	,1,	,0,
,137253079,	,588516130,	,1,	,0,
,1583657814,	,2713695091,	,1,	,0,
,23485745,	,1627734804,	,1,	,0,
,103223236,	,574480825,	,1,	,0,
,105457963,	,2560895526,	,1,	,0,
,47399805,	,1084641301,	,1,	,0,
,2652613098,	,2161457542,	,3,	,0,
,18936161,	,923731742,	,1,	,0,
,338985020,	,1489898868,	,5,	,0,
,392016738,	,14614431,	,1,	,0,
,38142665,	,243650027,	,1,	,0,
,517459817,	,105143670,	,1,	,0,
,542878994,	,1497200928,	,1,	,0,
,452260427,	,2560050024,	,1,	,0,
,8460572,	,2559309584,	,1,	,0,
,1306576610,	,317528094,	,1,	,0,
,707327677,	,201751126,	,1,	,0,
,37634984,	,2601501974,	,1,	,0,
,2284913006,	,2494238358,	,1,	,0,
,59564498,	,2490185261,	,1,	,0,
,18936161,	,1089926862,	,1,	,0,
,2598355996,	,96098329,	,1,	,0,
,476641060,	,545924100,	,1,	,0,
,276112778,	,1031569579,	,1,	,0,
,1131055958,	,945713544,	,1,	,1,
,8350912,	,558559484,	,2,	,0,
,2649991,	,2285648239,	,1,	,0,
,274790445,	,324938399,	,1,	,1,
,20224969,	,378191508,	,5,	,0,
,21313364,	,2190324447,	,1,	,0,
,435928977,	,301410220,	,1,	,0,
,399516193,	,1615909566,	,1,	,2,
,346557191,	,2159170862,	,1,	,0,
,297022567,	,1262933095,	,1,	,0,
,64028758,	,244170872,	,2,	,0,
,1427728249,	,174192570,	,1,	,0,
,332374848,	,525733281,	,1,	,0,
,144310087,	,157953350,	,1,	,0,
,1318611924,	,143184516,	,1,	,0,
,738878377,	,2147797556,	,1,	,0,
,150017190,	,2560005505,	,1,	,0,
,16906363,	,485694429,	,1,	,0,
,964270778,	,244170872,	,1,	,0,
,2567305838,	,409389031,	,1,	,0,
,190226677,	,251142136,	,3,	,0,
,531036044,	,929469638,	,1,	,0,
,541073031,	,134462081,	,1,	,0,
,518347117,	,1452578348,	,3,	,0,
,291922856,	,234347677,	,1,	,0,
,702964123,	,2201481631,	,1,	,1,
,184947855,	,499152608,	,1,	,1,
,222153850,	,184069308,	,2,	,0,
,22464771,	,17810192,	,2,	,0,
,288991803,	,304452197,	,1,	,0,
,25048816,	,2226877048,	,2,	,0,
,38142665,	,2817321086,	,1,	,0,
,24744541,	,390747861,	,2,	,0,
,558683220,	,95851773,	,1,	,0,
,1668421316,	,599474498,	,1,	,0,
,13353862,	,2304173793,	,1,	,0,
,430059673,	,430064688,	,1,	,0,
,294062704,	,103277461,	,1,	,0,
,1598369090,	,2259499609,	,1,	,0,
,114704955,	,832012796,	,1,	,0,
,2649991,	,445012206,	,1,	,0,
,38142665,	,364122055,	,1,	,0,
,82069968,	,55673826,	,1,	,0,
,14398228,	,1403157493,	,1,	,0,
,1858109869,	,1539326377,	,1,	,0,
,6652032,	,330119169,	,1,	,0,
,554485198,	,1606023864,	,4,	,0,
,78572595,	,2306215762,	,1,	,0,
,394961572,	,127685371,	,1,	,0,
,8350912,	,158766862,	,7,	,0,
,133663801,	,2493848653,	,1,	,0,
,22416221,	,244014666,	,1,	,0,
,48756757,	,36927527,	,3,	,0,
,570743298,	,928607136,	,1,	,0,
,443161220,	,2270825325,	,1,	,0,
,542560605,	,937606688,	,1,	,0,
,34642399,	,1117497204,	,1,	,0,
,338985020,	,462292950,	,27,	,0,
,395119889,	,151718704,	,1,	,0,
,24744541,	,541644487,	,3,	,0,
,402626426,	,252603958,	,1,	,0,
,15468152,	,59807998,	,1,	,0,
,127044368,	,1463176700,	,1,	,1,
,338985020,	,244228854,	,2,	,0,
,24744541,	,804584972,	,4,	,0,
,576201752,	,560287430,	,1,	,0,
,24744541,	,2336470953,	,5,	,0,
,2822225984,	,2792759662,	,1,	,0,
,312245187,	,254017140,	,1,	,0,
,76666724,	,2439687150,	,1,	,0,
,2361313322,	,215972662,	,7,	,0,
,19338923,	,98201345,	,1,	,0,
,61184147,	,2249927394,	,2,	,0,
,24744541,	,308187842,	,1,	,0,
,16389573,	,66340088,	,1,	,0,
,510352545,	,2287731479,	,1,	,0,
,1858109869,	,1077668965,	,1,	,0,
,1403407596,	,1333897087,	,1,	,0,
,21313364,	,2461782973,	,2,	,0,
,21313364,	,444104181,	,1,	,0,
,18936161,	,1508417934,	,3,	,0,
,331556368,	,19683583,	,3,	,0,
,962573815,	,51576578,	,1,	,0,
,487437345,	,2149398411,	,1,	,0,
,24744541,	,308780778,	,1,	,0,
,21313364,	,1360499978,	,1,	,0,
,68440549,	,2775102889,	,1,	,0,
,60615239,	,802575505,	,1,	,0,
,276605327,	,2461755625,	,1,	,0,
,181709580,	,1399581476,	,1,	,0,
,6120472,	,1264384848,	,1,	,0,
,8350912,	,2244046306,	,1,	,0,
,338985020,	,1088835775,	,1,	,0,
,2649991,	,515994782,	,2,	,0,
,96519228,	,372658255,	,4,	,0,
,2706018258,	,8460572,	,17,	,65,
,26073581,	,300737339,	,1,	,0,
,493265079,	,17400044,	,3,	,0,
,200069896,	,989242393,	,1,	,0,
,25049056,	,878719854,	,2,	,0,
,240626596,	,2655214616,	,1,	,0,
,1858109869,	,388219672,	,1,	,0,
,9997062,	,111593507,	,1,	,0,
,68440549,	,1908284004,	,1,	,0,
,263594144,	,94379743,	,1,	,0,
,38142665,	,881005728,	,1,	,0,
,352676545,	,2500200233,	,1,	,0,
,425045213,	,70967390,	,3,	,0,
,68440549,	,2330721268,	,1,	,0,
,289250739,	,496217480,	,1,	,0,
,18936161,	,549575213,	,1,	,0,
,5698002,	,16558298,	,1,	,0,
,1416539461,	,2653467459,	,1,	,0,
,114704955,	,721771734,	,1,	,0,
,92233525,	,80590796,	,2,	,0,
,1657892413,	,390288302,	,2,	,0,
,1994321,	,93293716,	,6,	,0,
,25048816,	,454076428,	,1,	,0,
,47399805,	,2345038668,	,5,	,0,
,587700132,	,1106962772,	,1,	,0,
,81860989,	,66652131,	,1,	,0,
,2362631311,	,2285504396,	,1,	,0,
,223623455,	,33355377,	,1,	,0,
,85797706,	,77250472,	,1,	,0,
,15808212,	,120469909,	,1,	,0,
,2467778522,	,384517767,	,1,	,2,
,338985020,	,2341785589,	,7,	,0,
,13830762,	,237669408,	,1,	,0,
,34867057,	,2775102889,	,1,	,0,
,482792339,	,2560408776,	,1,	,0,
,539941600,	,1011719546,	,1,	,0,
,53409554,	,2603656125,	,1,	,0,
,8350912,	,2809097092,	,2,	,0,
,38395124,	,260352065,	,1,	,0,
,2649991,	,232241531,	,2,	,0,
,26690376,	,2359559762,	,1,	,0,
,18936161,	,1465822868,	,1,	,0,
,556139313,	,421083521,	,1,	,0,
,8350912,	,2309626015,	,1,	,0,
,15002138,	,722252460,	,4,	,0,
,47167663,	,168767617,	,1,	,0,
,58266995,	,2340948534,	,1,	,0,
,19341180,	,167495274,	,2,	,0,
,89784381,	,884472488,	,1,	,0,
,43660698,	,2252033361,	,1,	,0,
,112782893,	,470017883,	,1,	,0,
,308092719,	,2728194844,	,1,	,0,
,122112297,	,2586453476,	,1,	,0,
,8350912,	,527351645,	,3,	,0,
,2251689488,	,262419055,	,1,	,0,
,15143764,	,47706812,	,1,	,0,
,950553349,	,2494103438,	,1,	,0,
,24744541,	,2611924681,	,1,	,0,
,2362631311,	,2586741632,	,1,	,0,
,157266300,	,1522736780,	,1,	,0,
,114704955,	,200463792,	,4,	,0,
,119855823,	,458684045,	,1,	,0,
,38142665,	,1024288466,	,12,	,0,
,511728181,	,265987563,	,1,	,0,
,16906374,	,176837384,	,1,	,0,
,364513528,	,332406821,	,1,	,0,
,132543309,	,375577262,	,1,	,0,
,19491190,	,14106605,	,1,	,0,
,114704955,	,126594971,	,1,	,0,
,14089418,	,480191191,	,1,	,0,
,2361422897,	,85041119,	,1,	,0,
,48669396,	,564550886,	,1,	,0,
,8350912,	,612989860,	,10,	,0,
,38142665,	,527646012,	,1,	,0,
,132543309,	,522114585,	,1,	,0,
,1994321,	,98515244,	,1,	,0,
,38142665,	,579101977,	,1,	,0,
,16525194,	,2427350034,	,1,	,0,
,65043199,	,499085487,	,1,	,0,
,192538987,	,1452604796,	,3,	,0,
,9997062,	,2458420354,	,1,	,0,
,19990293,	,2683584460,	,1,	,0,
,133663801,	,554836696,	,1,	,0,
,51172935,	,565753447,	,1,	,0,
,309856113,	,21668737,	,1,	,0,
,817779691,	,1672688215,	,1,	,0,
,962293452,	,1399581476,	,2,	,0,
,1152263798,	,969828182,	,1,	,0,
,920727667,	,731958020,	,1,	,0,
,24744541,	,366226418,	,2,	,0,
,23317826,	,462076783,	,1,	,0,
,305748911,	,1205657436,	,1,	,0,
,2601481500,	,2560083457,	,1,	,0,
,24744541,	,18215385,	,2,	,0,
,376812938,	,1538360450,	,1,	,0,
,127044368,	,604523622,	,2,	,0,
,24744541,	,786851226,	,1,	,0,
,2449906448,	,111746038,	,1,	,0,
,80271270,	,111274202,	,1,	,0,
,18936161,	,1329012660,	,1,	,0,
,39048311,	,191696517,	,1,	,0,
,307472262,	,263765297,	,1,	,0,
,1559925114,	,1322541896,	,1,	,0,
,18114895,	,20900319,	,1,	,0,
,2334028915,	,1086175328,	,1,	,0,
,69258893,	,295909373,	,1,	,0,
,217028732,	,375762278,	,1,	,0,
,1563477943,	,487790164,	,1,	,0,
,15453184,	,1210346707,	,1,	,0,
,24744541,	,256912879,	,1,	,0,
,130481825,	,1349999419,	,1,	,0,
,564856252,	,97860997,	,2,	,0,
,461381142,	,143372583,	,1,	,0,
,1698989802,	,1489690165,	,2,	,6,
,2362631311,	,304066358,	,1,	,0,
,1693645183,	,498794298,	,3,	,0,
,20696007,	,421127111,	,1,	,0,
,1004061,	,299677192,	,1,	,0,
,31080997,	,1441962302,	,1,	,0,
,103821088,	,1900431908,	,1,	,0,
,8350912,	,47686150,	,1,	,0,
,1063274202,	,492904449,	,15,	,1,
,15521334,	,336490122,	,1,	,0,
,488488216,	,799079898,	,2,	,0,
,38142665,	,1705727600,	,1,	,0,
,513567442,	,281536142,	,1,	,0,
,26714234,	,2274660102,	,1,	,0,
,133663801,	,552854858,	,1,	,0,
,8350912,	,329591068,	,5,	,0,
,1680286454,	,437788795,	,1,	,0,
,31103048,	,436182362,	,1,	,0,
,140776364,	,401601754,	,4,	,0,
,2649991,	,360844397,	,1,	,0,
,138932594,	,311340118,	,1,	,0,
,2649991,	,1585739917,	,1,	,0,
,2228171570,	,242263905,	,4,	,0,
,457444998,	,2560359565,	,1,	,0,
,16525183,	,1645125842,	,1,	,0,
,2184489764,	,1630681262,	,3,	,0,
,743639216,	,1349999419,	,1,	,0,
,1858109869,	,2183428048,	,1,	,0,
,562002387,	,617134059,	,1,	,0,
,38142665,	,479500071,	,4,	,0,
,38395124,	,76639243,	,1,	,0,
,21313364,	,256505796,	,4,	,0,
,2148731538,	,842628392,	,1,	,0,
,47399805,	,218080681,	,1,	,0,
,269729359,	,95919192,	,1,	,1,
,8460572,	,1713629084,	,1,	,0,
,459898244,	,386053209,	,1,	,0,
,17398400,	,1207954440,	,1,	,0,
,530810321,	,2289978930,	,1,	,0,
